Id,Label,Classes,Group
0,aguilar_ElMercaderAmante_C6001_CANON,aguilar,1
1,alarcon_amistad_castigada_COMED,alarcon,2
2,alarcon_anticrist_COMED,alarcon,2
3,alarcon_crueldad_honor_COMED,alarcon,2
4,alarcon_cueva_salamanca_COMED,alarcon,2
5,alarcon_culpa_pena_agravio_COMED,alarcon,2
6,alarcon_desdichado_fingir_COMED,alarcon,2
7,alarcon_domingo_blas_COMED,alarcon,2
8,alarcon_dueño_estrellas_COMED,alarcon,2
9,alarcon_empenos_engano_COMED,alarcon,2
10,alarcon_examen_maridos_COMED,alarcon,2
11,alarcon_favores_mundo_COMED,alarcon,2
12,alarcon_ganar_amigos_COMED,alarcon,2
13,alarcon_indrustia_suerte_COMED,alarcon,2
14,alarcon_LaVerdadSospechosa_C6033_CANON,alarcon,2
15,alarcon_manganilla_melilla_COMED,alarcon,2
16,alarcon_mudarse_mejorarse_COMED,alarcon,2
17,alarcon_paredes_oyen_COMED,alarcon,2
18,alarcon_pechos_privilegiados_COMED,alarcon,2
19,alarcon_prueba_promesas_COMED,alarcon,2
20,alarcon_quien_engana_COMED,alarcon,2
21,alarcon_quien_mal_anda_COMED,alarcon,2
22,alarcon_semejante_simismo_COMED,alarcon,2
23,alarcon_tejedor_segovia_COMED,alarcon,2
24,alarcon_todo_ventura_COMED,alarcon,2
25,belmonte_diablo_predicador_COMED,belmonte,3
26,belmonte_ElafanadordeUtrera_REIDY,belmonte,3
27,belmonte_ElcercodeSevilla_REIDY,belmonte,3
28,belmonte_Elrollo(entremesimpreso)_REIDY,belmonte,3
29,belmonte_ElsastredelCampillo_REIDY,belmonte,3
30,belmonte_Loquepasa(entremes)_REIDY,belmonte,3
31,bustos_espanoles_chile_COMED,bustos,4
32,calderon_a-dios-por-razon-de-estado.xml_DRACOR,calderon,5
33,calderon_a-maria-el-corazon.xml_DRACOR,calderon,5
34,calderon_afectos-de-odio-y-amor.xml_DRACOR,calderon,5
35,calderon_amado_aborrecido_COMED,calderon,5
36,calderon_amor-honor-y-poder.xml_DRACOR,calderon,5
37,calderon_andromeda-y-perseo.xml_DRACOR,calderon,5
38,calderon_AntesTodoMiDama_BVC,calderon,5
39,calderon_Argenis_JL,calderon,5
40,calderon_armas_hermosura_COMED,calderon,5
41,calderon_ASecretoAgravioSecretaVenganza_C6013_CANON,calderon,5
42,calderon_cadenas_demonio_COMED,calderon,5
43,calderon_CasaConDosPuertasMalaEsDeGuardar_C6012_CANON,calderon,5
44,calderon_castillo_lindabridis_COMED,calderon,5
45,calderon_CE_mananas.abril_BVC,calderon,5
46,calderon_CenaBaltasar_BVC,calderon,5
47,calderon_conquien_vengo_vengo_COMED,calderon,5
48,calderon_darlotodo_darnada_COMED,calderon,5
49,calderon_DT_amar.muerte_BVC,calderon,5
50,calderon_DT_monstruo.mundo_BVC,calderon,5
51,calderon_DT_pintor.deshonra_BVC,calderon,5
52,calderon_DT_sitio.breda_BVC,calderon,5
53,calderon_el-ano-santo-de-roma.xml_DRACOR,calderon,5
54,calderon_el-cordero-de-isaias.xml_DRACOR,calderon,5
55,calderon_el-diablo-mudo-primera-version.xml_DRACOR,calderon,5
56,calderon_el-diablo-mudo-segunda-version.xml_DRACOR,calderon,5
57,calderon_el-divino-jason.xml_DRACOR,calderon,5
58,calderon_el-divino-orfeo.xml_DRACOR,calderon,5
59,calderon_el-faetonte.xml_DRACOR,calderon,5
60,calderon_el-galan-fantasma.xml_DRACOR,calderon,5
61,calderon_el-indulto-general.xml_DRACOR,calderon,5
62,calderon_el-jardin-de-falerina.xml_DRACOR,calderon,5
63,calderon_el-monstruo-de-los-jardines.xml_DRACOR,calderon,5
64,calderon_el-nuevo-hospicio-de-pobres.xml_DRACOR,calderon,5
65,calderon_el-santo-rey-don-fernando-primera-parte.xml_DRACOR,calderon,5
66,calderon_el-socorro-general.xml_DRACOR,calderon,5
67,calderon_el-veneno-y-la-triaca.xml_DRACOR,calderon,5
68,calderon_ElAlcaldeDeZalamea_C6002_CANON,calderon,5
69,calderon_ElGranTeatroDelMundo_C6005_CANON,calderon,5
70,calderon_ElMagicoProdigioso_C6007_CANON,calderon,5
71,calderon_ElMedicoDeSuHonra_C6008_CANON,calderon,5
72,calderon_ElPrincipeConstante_C6010_CANON,calderon,5
73,calderon_escondido_tapada_COMED,calderon,5
74,calderon_la-aurora-en-copacabana.xml_DRACOR,calderon,5
75,calderon_la-devocion-de-la-cruz.xml_DRACOR,calderon,5
76,calderon_la-devocion-de-la-misa.xml_DRACOR,calderon,5
77,calderon_la-fiera-el-rayo-y-la-piedra.xml_DRACOR,calderon,5
78,calderon_la-hidalga-del-valle.xml_DRACOR,calderon,5
79,calderon_la-humildad-coronada-de-las-plantas.xml_DRACOR,calderon,5
80,calderon_la-inmunidad-del-sagrado.xml_DRACOR,calderon,5
81,calderon_la-nave-del-mercader.xml_DRACOR,calderon,5
82,calderon_la-piel-de-gedeon.xml_DRACOR,calderon,5
83,calderon_la-primer-flor-del-carmelo.xml_DRACOR,calderon,5
84,calderon_la-protestacion-de-la-fe.xml_DRACOR,calderon,5
85,calderon_la-segunda-esposa.xml_DRACOR,calderon,5
86,calderon_la-vina-del-senor.xml_DRACOR,calderon,5
87,calderon_LaDamaDuende_C6004_CANON,calderon,5
88,calderon_LaHijaDelAireParteI_C6006a_CANON,calderon,5
89,calderon_LaHijaDelAireParteII_C6006b_CANON,calderon,5
90,calderon_las-ordenes-militares.xml_DRACOR,calderon,5
91,calderon_las-visiones-de-la-muerte.xml_DRACOR,calderon,5
92,calderon_LaVidaEsSueno_C6011_CANON,calderon,5
93,calderon_loa-a-el-ano-santo-de-roma.xml_DRACOR,calderon,5
94,calderon_loa-a-el-divino-orfeo.xml_DRACOR,calderon,5
95,calderon_loa-a-fieras-afemina-amor.xml_DRACOR,calderon,5
96,calderon_loa-en-metafora-de-la-piadosa-hermandad-del-refugio.xml_DRACOR,calderon,5
97,calderon_loa-para-el-gran-teatro-del-mundo.xml_DRACOR,calderon,5
98,calderon_loa-para-la-humildad-coronada-de-las-plantas.xml_DRACOR,calderon,5
99,calderon_loa-para-psiquis-y-cupido.xml_DRACOR,calderon,5
100,calderon_los-encantos-de-la-culpa.xml_DRACOR,calderon,5
101,calderon_LosCabellosDeAbsalon_C6003_CANON,calderon,5
102,calderon_luisperez_gallego_COMED,calderon,5
103,calderon_manos_blancas_COMED,calderon,5
104,calderon_memorias_WIKI,calderon,5
105,calderon_MIT_cefalo.pocris_BVC,calderon,5
106,calderon_MIT_eco.narciso_BVC,calderon,5
107,calderon_MIT_encanto.amor_BVC,calderon,5
108,calderon_MIT_fortunas.andromeda_BVC,calderon,5
109,calderon_nadiefie_secreto_COMED,calderon,5
110,calderon_no-hay-instante-sin-milagro.xml_DRACOR,calderon,5
111,calderon_NoHayBurlasConElAmor_C6009_CANON,calderon,5
112,calderon_NoHayCosaComoCallar_BVC,calderon,5
113,calderon_nosiempre_peorcierto_COMED,calderon,5
114,calderon_NuevoPalacioRetiro_BVC,calderon,5
115,calderon_pintura_memorial_WIKI,calderon,5
116,calderon_primero-y-segundo-isaac.xml_DRACOR,calderon,5
117,calderon_psiquis-y-cupido-que-escribio-para-esta-villa-de-madrid.xml_DRACOR,calderon,5
118,calderon_quien-hallara-mujer-fuerte.xml_DRACOR,calderon,5
119,calderon_Sonetos_BVC,calderon,5
120,calderon_suenos-hay-que-verdad-son.xml_DRACOR,calderon,5
121,calderon_testamento_WIKI,calderon,5
122,calderon_tresjusticias_una_COMED,calderon,5
123,calderon_triunfar-muriendo.xml_DRACOR,calderon,5
124,calderon_yerros_PROVISIONAL_JL,calderon,5
125,candamo_sastreCampillos_WIKI_JL,candamo,6
126,caro_conde_partinuples_COMED,caro,7
127,caro_valor_agravio_mujer_COMED,caro,7
128,castro_conde_Alarcos_COMED,castro,8
129,castro_curioso_impertinente_COMED,castro,8
130,castro_ElCondeAlarcos_C6015_CANON,castro,8
131,castro_LasMocedadesDelCidParteI_C6014a_CANON,castro,8
132,castro_LasMocedadesDelCidParteII_C6014b_CANON,castro,8
133,castro_mocedades_cid_COMED,castro,8
134,castro_narciso_opinion_COMED,castro,8
135,cervantes_banos_argel_COMED,cervantes,9
136,cervantes_casa_celos_COMED,cervantes,9
137,cervantes_ElCercoDeNumancia_C6017_CANON,cervantes,9
138,cervantes_ENT_cueva_salamanca_COMED,cervantes,9
139,cervantes_ENT_eleccion_alcaldes_danganzo_COMED,cervantes,9
140,cervantes_ENT_guarda_cuidadosa_COMED,cervantes,9
141,cervantes_ENT_habladores_RdLit_JL,cervantes,9
142,cervantes_ENT_juez_divorcios_COMED,cervantes,9
143,cervantes_ENT_retablo_maravillas_COMED,cervantes,9
144,cervantes_ENT_trampa_COMED,cervantes,9
145,cervantes_ENT_viejo_celoso_COMED,cervantes,9
146,cervantes_ENT_vizcaino_fingido_COMED,cervantes,9
147,cervantes_entretenida_COMED,cervantes,9
148,cervantes_gallardo_espanol_COMED,cervantes,9
149,cervantes_gran_sultana_COMED,cervantes,9
150,cervantes_laberinto_amor_COMED,cervantes,9
151,cervantes_pedro_urdamalas_COMED,cervantes,9
152,cervantes_rufian_dichoso_COMED,cervantes,9
153,cervantes_trato_argel_COMED,cervantes,9
154,claramonte_Desteaguanobeberé_REIDY,claramonte,10
155,claramonte_Elhonorenlasangria_y_medicodesuhonra_CH,claramonte,10
156,claramonte_ElInobediente_REIDY,claramonte,10
157,claramonte_Elmayorreydelosreyes_REIDY,claramonte,10
158,claramonte_EltaodeSanAntón_REIDY,claramonte,10
159,claramonte_ElvalientenegroenFlandes_REIDY,claramonte,10
160,claramonte_Pusosemeelsol_REIDY,claramonte,10
161,claramonte_SanCarlos_REIDY,claramonte,10
162,claramonte_Valiente_CH,claramonte,10
163,coello_ElCondeDeSex_C6018_CANON,coello,11
164,cubillo_LasMunecasDeMarcela_C6019_CANON,cubillo,12
165,desconocido_LaEstrellaDeSevilla_C6020_CANON,desconocido,13
166,Diamante_AlfeoAretusa_TESO_normalized,Diamante,14
167,Diamante_AmorEsSangre_TESO_normalized,Diamante,14
168,Diamante_CercoDeZamora_TESO_normalized,Diamante,14
169,Diamante_CuantoMientenIndicios_TESO_normalized,Diamante,14
170,Diamante_CumplirleDiosPalabra_TESO_normalized,Diamante,14
171,Diamante_DefensorPenon_TESO_normalized,Diamante,14
172,Diamante_HerculesOcana_TESO_normalized,Diamante,14
173,Diamante_IrRiesgoDicha_TESO_normalized,Diamante,14
174,Diamante_JubileoPorciuncula_TESO_normalized,Diamante,14
175,Diamante_JupiterSemele_TESO_normalized,Diamante,14
176,Diamante_LidesAmorDesden_TESO_normalized,Diamante,14
177,Diamante_MasEncantoHermosura_TESO_normalized,Diamante,14
178,Diamante_NacimientoCristo_TESO_normalized,Diamante,14
179,Diamante_NegroMasProdigioso_TESO_normalized,Diamante,14
180,Diamante_NoAspirarMerecer_TESO_normalized,Diamante,14
181,Diamante_PasionVencidaAfecto_TESO_normalized,Diamante,14
182,Diamante_ReinaMariaEstuarda_TESO_normalized,Diamante,14
183,Diamante_RemedioPeligro_TESO_normalized,Diamante,14
184,Diamante_SantaJuliana_TESO_normalized,Diamante,14
185,Diamante_SantaMariaDelMonte_TESO_normalized,Diamante,14
186,Diamante_SantaMariaMagdalenaDePazzi_TESO_normalized,Diamante,14
187,Diamante_SantaTeresaDeJesus_TESO_normalized,Diamante,14
188,Diamante_SolDeSierra_TESO_normalized,Diamante,14
189,Diamante_TriunfoPazTiempo_TESO_normalized,Diamante,14
190,fragoso_COLAB_quijote.mancha_BVC,fragoso,15
191,godinez_Aundenochealumbraelsol_BVC,godinez,16
192,godinez_LasLagrimasDeDavid_C6021_CANON,godinez,16
193,guedeja_Dueno_esta_muerte,guedeja,17
194,hoz_VillanoDanubioBuenJuez_CH,hoz,18
195,lanini_magdalena.roma_PRINGLE,lanini,19
196,lope_AcertarErrando_AL0473-ARTELOPE,lope,20
197,lope_AdonisYVenus_C6042_CANON,lope,20
198,lope_AllaDarasRayo_AL0481-ARTELOPE,lope,20
199,lope_AlPasarDelArroyo_AL0476-ARTELOPE,lope,20
200,lope_AmarComoSeHaDeAmar_AL0484-ARTELOPE,lope,20
201,lope_AmarServirYEsperar_AL0486-ARTELOPE,lope,20
202,lope_AmorConVista_AL0491-ARTELOPE,lope,20
203,lope_AmorPleitoYDesafio_AL0495-ARTELOPE,lope,20
204,lope_AmorSecretoHastaCelos_AL0494-ARTELOPE,lope,20
205,lope_AngelicaEnElCatay_AL0497-ARTELOPE,lope,20
206,lope_AntonioRocaOLaMuerteMasVenturosa_AL0952-ARTELOPE,lope,20
207,lope_AraucoDomadoPorElExcelentisimoSenorDonGarciaHurtadoDeMendoza_AL0501-ARTELOPE,lope,20
208,lope_AudienciasDelReyDonPedro_AL0511-ARTELOPE,lope,20
209,lope_AyVerdadesQueEnAmor_AL0470-ARTELOPE,lope,20
210,lope_BarlaanYJosafat_AL0516-ARTELOPE,lope,20
211,lope_BarlaanYJosafat_AL2018-ARTELOPE,lope,20
212,lope_BelardoElFurioso_AL0521-ARTELOPE,lope,20
213,lope_CarlosVEnFrancia_AL0547-ARTELOPE,lope,20
214,lope_CastelvinesYMonteses_AL0549-ARTELOPE,lope,20
215,lope_ConSuPanSeLoComa_AL0561-ARTELOPE,lope,20
216,lope_ContraValorNoHayDesdicha_AL0565-ARTELOPE,lope,20
217,lope_DavidPerseguidoYMontesDeGelboe_AL2020-ARTELOPE,lope,20
218,lope_DeAmarSinSaberAQuien_AL0485-ARTELOPE,lope,20
219,lope_DeCuandoAcaNosVino_AL0577-ARTELOPE,lope,20
220,lope_DelMalLoMenos_AL0578-ARTELOPE,lope,20
221,lope_DelMonteSale_AL0579-ARTELOPE,lope,20
222,lope_DinerosSonCalidad_AL0586-ARTELOPE,lope,20
223,lope_DiosHaceReyes_AL0587-ARTELOPE,lope,20
224,lope_DivinaVencedoraYFamososHechosDeMeledinGallinatoYTomaDeMoron_AL0593-ARTELOPE,lope,20
225,lope_DondeNoEstaSuDuenoEstaSuDuelo_AL0604-ARTELOPE,lope,20
226,lope_DonJuanDeCastro_AL0596-ARTELOPE,lope,20
227,lope_DonJuanDeCastro_AL0597-ARTELOPE,lope,20
228,lope_DonLopeDeCardona_AL0598-ARTELOPE,lope,20
229,lope_ElAbanillo_AL0471-ARTELOPE,lope,20
230,lope_ElAceroDeMadrid_AL0472-ARTELOPE,lope,20
231,lope_ElAlcaideDeMadrid_AL0477-ARTELOPE,lope,20
232,lope_ElAlcaldeDeZalamea_AL0478-ARTELOPE,lope,20
233,lope_ElAlcaldeMayor_AL0479-ARTELOPE,lope,20
234,lope_ElAmanteAgradecido_AL0482-ARTELOPE,lope,20
235,lope_ElAmigoHastaLaMuerte_AL0487-ARTELOPE,lope,20
236,lope_ElAmigoPorFuerza_AL0488-ARTELOPE,lope,20
237,lope_ElAmorDesatinado_AL0492-ARTELOPE,lope,20
238,lope_ElAmorEnamorado_AL0493-ARTELOPE,lope,20
239,lope_ElAnimalDeHungria_AL0498-ARTELOPE,lope,20
240,lope_ElAntecristo_AL0499-ARTELOPE,lope,20
241,lope_ElAnzueloDeFenisa_C6056_CANON,lope,20
242,lope_ElArenalDeSevilla_AL0503-ARTELOPE,lope,20
243,lope_ElArgelFingidoYRenegadoDeAmor_AL0505-ARTELOPE,lope,20
244,lope_ElAsaltoDeMastriquePorElPrincipeDeParma_AL0508-ARTELOPE,lope,20
245,lope_ElBastardoMudarra_AL0517-ARTELOPE,lope,20
246,lope_ElBautismoDelPrincipeDeMarruecos_AL0902-ARTELOPE,lope,20
247,lope_ElBlasonDeLosChavesDeVillalba_AL0526-ARTELOPE,lope,20
248,lope_ElBoboDelColegio_AL0528-ARTELOPE,lope,20
249,lope_ElBrasilRestituido_AL0531-ARTELOPE,lope,20
250,lope_ElCaballeroDeIllescas_AL0537-ARTELOPE,lope,20
251,lope_ElCaballeroDelMilagro_AL0539-ARTELOPE,lope,20
252,lope_ElCaballeroDeOlmedo_C6043_CANON,lope,20
253,lope_ElCasamientoEnLaMuerte_AL0548-ARTELOPE,lope,20
254,lope_ElCastigoDelDiscreto_AL0550-ARTELOPE,lope,20
255,lope_ElCastigoSinVenganza_C6044_CANON,lope,20
256,lope_ElCercoDeTremecen_AL0555-ARTELOPE,lope,20
257,lope_ElCercoDeVienaYSocorroPorCarlosQuinto_AL0556-ARTELOPE,lope,20
258,lope_ElCondeFernanGonzalez_AL0562-ARTELOPE,lope,20
259,lope_ElCuerdoEnSuCasa_AL0573-ARTELOPE,lope,20
260,lope_ElCuerdoLoco_AL0574-ARTELOPE,lope,20
261,lope_ElDesconfiado_AL0580-ARTELOPE,lope,20
262,lope_ElDesdenVengado_AL0581-ARTELOPE,lope,20
263,lope_ElDesposorioEncubierto_AL0583-ARTELOPE,lope,20
264,lope_ElDesprecioAgradecido_AL0584-ARTELOPE,lope,20
265,lope_ElDomineLucas_AL0595-ARTELOPE,lope,20
266,lope_ElEnemigoEnganado_AL0615-ARTELOPE,lope,20
267,lope_ElEsclavoDeRoma_AL0619-ARTELOPE,lope,20
268,lope_ElEsclavoFingido_AL0621-ARTELOPE,lope,20
269,lope_ElFavorAgradecido_AL0629-ARTELOPE,lope,20
270,lope_ElGalanCastrucho_C6047_CANON,lope,20
271,lope_ElGalanDeLaMembrilla_AL0642-ARTELOPE,lope,20
272,lope_ElGalanEscarmentado_AL0643-ARTELOPE,lope,20
273,lope_ElGansoDeOro_AL0646-ARTELOPE,lope,20
274,lope_ElGenovesLiberal_AL0647-ARTELOPE,lope,20
275,lope_ElGranDuqueDeMoscoviaYEmperadorPerseguido_AL0649-ARTELOPE,lope,20
276,lope_ElGraoDeValencia_AL0651-ARTELOPE,lope,20
277,lope_ElHalconDeFederico_AL0659-ARTELOPE,lope,20
278,lope_ElHameteDeToledo_AL0661-ARTELOPE,lope,20
279,lope_ElHidalgoBencerraje_AL0668-ARTELOPE,lope,20
280,lope_ElHijoPorEnganoYTomaDeToledo_AL0672-ARTELOPE,lope,20
281,lope_ElHijoSinPadre_AL0673-ARTELOPE,lope,20
282,lope_ElHijoVenturoso_AL0674-ARTELOPE,lope,20
283,lope_ElHombreDeBien_AL0677-ARTELOPE,lope,20
284,lope_ElHombrePorSuPalabra_AL0679-ARTELOPE,lope,20
285,lope_ElHonradoHermano_AL0680-ARTELOPE,lope,20
286,lope_ElIngrato_AL0689-ARTELOPE,lope,20
287,lope_ElIngratoArrepentido_AL0686-ARTELOPE,lope,20
288,lope_ElJuezEnSuCausa_AL0696-ARTELOPE,lope,20
289,lope_ElLaberintoDeCreta_AL0700-ARTELOPE,lope,20
290,lope_ElLabradorVenturoso_AL0701-ARTELOPE,lope,20
291,lope_ElLacayoFingido_C6049_CANON,lope,20
292,lope_ElLealCriado_AL0706-ARTELOPE,lope,20
293,lope_ElLocoPorFuerza_AL0717-ARTELOPE,lope,20
294,lope_ElMaestroDeDanzar_AL0724-ARTELOPE,lope,20
295,lope_ElMaridoMasFirme_AL0726-ARTELOPE,lope,20
296,lope_ElMarquesDeLasNavas_AL0728-ARTELOPE,lope,20
297,lope_ElMarquesDeMantua_AL0729-ARTELOPE,lope,20
298,lope_ElMayordomoDeLaDuquesaDeAmalfi_C6051_CANON,lope,20
299,lope_ElMayorImposible_AL0735-ARTELOPE,lope,20
300,lope_ElMejorAlcaldeElRey_C6050_CANON,lope,20
301,lope_ElMolino_AL0752-ARTELOPE,lope,20
302,lope_ElNacimientoDeCristo_AL0760-ARTELOPE,lope,20
303,lope_ElNegroDelMejorAmoAntioboDeCerdena_AL0766-ARTELOPE,lope,20
304,lope_ElNinoInocenteDeLaGuardia_AL0772-ARTELOPE,lope,20
305,lope_ElNuevoMundoDescubiertoPorCristobalColon_AL0779-ARTELOPE,lope,20
306,lope_ElPerroDelHortelano_C6052_CANON,lope,20
307,lope_ElPerseguido_AL0546-ARTELOPE,lope,20
308,lope_ElPiadosoAragones_AL0799-ARTELOPE,lope,20
309,lope_ElPiadosoVeneciano_AL0800-ARTELOPE,lope,20
310,lope_ElPleitoPorLaHonraOElValorDeFernandico_AL0802-ARTELOPE,lope,20
311,lope_ElPoderEnElDiscreto_AL0810-ARTELOPE,lope,20
312,lope_ElPostrerGodoDeEspana_AL0818-ARTELOPE,lope,20
313,lope_ElPremioDeLaHermosura_AL0820-ARTELOPE,lope,20
314,lope_ElPremioDelBienHablar_AL0821-ARTELOPE,lope,20
315,lope_ElPremioRigurosoYAmistadBienPagada_AL0822-ARTELOPE,lope,20
316,lope_ElPrincipeDespenado_AL0827-ARTELOPE,lope,20
317,lope_ElPrincipeInocente_AL0828-ARTELOPE,lope,20
318,lope_ElPrincipeMelancolico_AL0829-ARTELOPE,lope,20
319,lope_ElPrincipePerfecto_AL0830-ARTELOPE,lope,20
320,lope_ElPrincipePerfecto_AL0831-ARTELOPE,lope,20
321,lope_ElRemedioEnLaDesdicha_AL0849-ARTELOPE,lope,20
322,lope_ElReyPorSuSemejanza_AL0850-ARTELOPE,lope,20
323,lope_ElRoboDeDina_AL0852-ARTELOPE,lope,20
324,lope_ElSantoNegroRosambucoDeLaCiudadDePalermo_AL0866-ARTELOPE,lope,20
325,lope_ElSolParado_AL0887-ARTELOPE,lope,20
326,lope_ElTestimonioVengado_AL0896-ARTELOPE,lope,20
327,lope_ElToledanoVengadoYCelosoVengado_AL0899-ARTELOPE,lope,20
328,lope_ElTriunfoDeLaHumildadYSoberbiaAbatida_AL0681-ARTELOPE,lope,20
329,lope_ElTruhanDelCieloYLocoSanto_AL2024-ARTELOPE,lope,20
330,lope_ElValienteCespedes_AL0906-ARTELOPE,lope,20
331,lope_ElValorDeLasMujeres_AL0907-ARTELOPE,lope,20
332,lope_ElVaqueroDeMorana_AL0909-ARTELOPE,lope,20
333,lope_ElVasoDeEleccionYDoctorDeLasGentesSanPablo_AL3558-ARTELOPE,lope,20
334,lope_ElVerdaderoAmante_AL0920-ARTELOPE,lope,20
335,lope_ElVillanoEnSuRincon_C6053_CANON,lope,20
336,lope_EnLosIndiciosLaCulpa_AL0614-ARTELOPE,lope,20
337,lope_Fuenteovejuna_C6046_CANON,lope,20
338,lope_GuardarYGuardarse_AL0656-ARTELOPE,lope,20
339,lope_GuerrasDeAmorYDeHonor_AL0657-ARTELOPE,lope,20
340,lope_HijoDeLosLeones_AL0671-ARTELOPE,lope,20
341,lope_JorgeToledano_AL0693-ARTELOPE,lope,20
342,lope_JuanDeDiosYAntonMartin_AL0695-ARTELOPE,lope,20
343,lope_JulianRomero_AL0697-ARTELOPE,lope,20
344,lope_LaAdversaFortunaDeDonBernardoDeCabrera_AL0475-ARTELOPE,lope,20
345,lope_LaAldehuela_AL0480-ARTELOPE,lope,20
346,lope_LaAmistadYObligacion_AL0490-ARTELOPE,lope,20
347,lope_LaArcadia_AL0502-ARTELOPE,lope,20
348,lope_LaBatallaDelHonor_AL0518-ARTELOPE,lope,20
349,lope_LaBellaAurora_AL0522-ARTELOPE,lope,20
350,lope_LaBellaMalmaridadaOLaCortesana_AL0523-ARTELOPE,lope,20
351,lope_LaBobaParaLosOtrosYDiscretaParaSi_AL0527-ARTELOPE,lope,20
352,lope_LaBuenaGuarda_AL0532-ARTELOPE,lope,20
353,lope_LaBurgalesaDeLerma_AL0533-ARTELOPE,lope,20
354,lope_LaCampanaDeAragon_AL0541-ARTELOPE,lope,20
355,lope_LaCarbonera_AL0544-ARTELOPE,lope,20
356,lope_LaCiudadSinDios_AL2019-ARTELOPE,lope,20
357,lope_LaCompetenciaEnLosNobles_AL0560-ARTELOPE,lope,20
358,lope_LaContiendaDeGarciaDeParedesYElCapitanJuanDeUrbina_AL0564-ARTELOPE,lope,20
359,lope_LaCoronaDeHungriaYLaInjustaVenganza_AL0567-ARTELOPE,lope,20
360,lope_LaCoronaDerribadaYVaraDeMoises_AL0568-ARTELOPE,lope,20
361,lope_LaCortesiaDeEspana_AL0570-ARTELOPE,lope,20
362,lope_LaDamaBoba_C6045_CANON,lope,20
363,lope_LaDesdichadaEstefania_AL0626-ARTELOPE,lope,20
364,lope_LaDevocionDelRosario_AL0959-ARTELOPE,lope,20
365,lope_LaDifuntaPleiteada_AL0585-ARTELOPE,lope,20
366,lope_LaDiscordiaEnLosCasados_AL0588-ARTELOPE,lope,20
367,lope_LaDoncellaTeodor_AL0602-ARTELOPE,lope,20
368,lope_LaEnvidiaDeLaNobleza_AL0617-ARTELOPE,lope,20
369,lope_LaEsclavaDeSuGalan_AL0618-ARTELOPE,lope,20
370,lope_LaEscolasticaCelosa_AL0623-ARTELOPE,lope,20
371,lope_LaFeRompida_AL0630-ARTELOPE,lope,20
372,lope_LaFianzaSatisfecha_AL0633-ARTELOPE,lope,20
373,lope_LaFilisarda_AL0631-ARTELOPE,lope,20
374,lope_LaFirmezaEnLaDesdicha_AL0635-ARTELOPE,lope,20
375,lope_LaFrancesilla_AL0639-ARTELOPE,lope,20
376,lope_LaFuerzaLastimosa_AL0641-ARTELOPE,lope,20
377,lope_LaGallardaToledana_AL0645-ARTELOPE,lope,20
378,lope_LaHermosaAlfreda_AL0665-ARTELOPE,lope,20
379,lope_LaHermosaEster_AL0666-ARTELOPE,lope,20
380,lope_LaHermosuraAborrecida_AL0667-ARTELOPE,lope,20
381,lope_LaHistoriaDeTobias_AL0676-ARTELOPE,lope,20
382,lope_LaIlustreFregona_AL0682-ARTELOPE,lope,20
383,lope_LaImperialDeOton_AL0683-ARTELOPE,lope,20
384,lope_LaInfantaDesesperada_AL0684-ARTELOPE,lope,20
385,lope_LaIngratitudVengada_AL0685-ARTELOPE,lope,20
386,lope_LaInocenteLaura_AL0690-ARTELOPE,lope,20
387,lope_LaIntencionCastigada_AL0692-ARTELOPE,lope,20
388,lope_LaLealtadEnElAgravio_AL0707-ARTELOPE,lope,20
389,lope_LaLimpiezaNoManchada_AL0709-ARTELOPE,lope,20
390,lope_LaLlaveDeLaHonra_AL0710-ARTELOPE,lope,20
391,lope_LaLocuraPorLaHonra_AL0719-ARTELOPE,lope,20
392,lope_LaMadreDeLaMejor_AL0722-ARTELOPE,lope,20
393,lope_LaMadreTeresaDeJesus_AL0723-ARTELOPE,lope,20
394,lope_LaMalcasada_AL0725-ARTELOPE,lope,20
395,lope_LaMayorCorona_AL2021-ARTELOPE,lope,20
396,lope_LaMayorHazanaDeAlejandroMagno_AL0734-ARTELOPE,lope,20
397,lope_LaMayorVictoria_AL0736-ARTELOPE,lope,20
398,lope_LaMercedEnElCastigo_AL0745-ARTELOPE,lope,20
399,lope_LaMozaDeCantaro_AL0754-ARTELOPE,lope,20
400,lope_LaNecedadDelDiscreto_AL0765-ARTELOPE,lope,20
401,lope_LaNinaDePlata_AL0769-ARTELOPE,lope,20
402,lope_LaNinezDelPadreRojas_AL0771-ARTELOPE,lope,20
403,lope_LaNocheDeSanJuan_AL0774-ARTELOPE,lope,20
404,lope_LanzaPorLanzaDeLuisAlmanza_AL0704-ARTELOPE,lope,20
405,lope_LaOctavaMaravilla_AL0785-ARTELOPE,lope,20
406,lope_LaPastoralDeJacinto_AL0793-ARTELOPE,lope,20
407,lope_LaProsperaFortunaDeDonBernardoDeCabrera_AL0833-ARTELOPE,lope,20
408,lope_LaResistenciaHonradaYCondesaMatilde_AL0563-ARTELOPE,lope,20
409,lope_LaSantaLiga_AL0863-ARTELOPE,lope,20
410,lope_LasBatuecasDelDuqueDeAlba_AL0519-ARTELOPE,lope,20
411,lope_LasBizarriasDeBelisa_C6055_CANON,lope,20
412,lope_LasBurlasDeAmor_AL0534-ARTELOPE,lope,20
413,lope_LasBurlasVeras_AL0535-ARTELOPE,lope,20
414,lope_LasBurlasYEnredosDeBenito_AL0536-ARTELOPE,lope,20
415,lope_LasCuentasDelGranCapitan_AL0572-ARTELOPE,lope,20
416,lope_LasDoncellasDeSimancas_AL0603-ARTELOPE,lope,20
417,lope_LasDosBandolerasYFundacionDeLaSantaHermandadDeToledo_AL0605-ARTELOPE,lope,20
418,lope_LaSelvaSinAmor_AL0985-ARTELOPE,lope,20
419,lope_LasFamosasAsturianas_AL0628-ARTELOPE,lope,20
420,lope_LasFeriasDeMadrid_AL0632-ARTELOPE,lope,20
421,lope_LasFloresDeDonJuanYRicoYPobreTrocados_AL0636-ARTELOPE,lope,20
422,lope_LasGrandezasDeAlejandro_AL0650-ARTELOPE,lope,20
423,lope_LasHazanasDelCidYSuMuerteConLaTomaDeValencia_AL0662-ARTELOPE,lope,20
424,lope_LasJustasDeTebasYReinaDeLasAmazonas_AL0698-ARTELOPE,lope,20
425,lope_LasMocedadesDeBernardoDelCarpio_AL0751-ARTELOPE,lope,20
426,lope_LasMudanzasDeFortunaYLosSucesosDeDonBeltranDeAragon_AL0755-ARTELOPE,lope,20
427,lope_LasPacesDeLosReyesYJudiaDeToledo_AL0786-ARTELOPE,lope,20
428,lope_LauraPerseguida_AL0705-ARTELOPE,lope,20
429,lope_LaVengadoraDeLasMujeres_AL0914-ARTELOPE,lope,20
430,lope_LaVenganzaPiadosa_AL0981-ARTELOPE,lope,20
431,lope_LaVidaDeSanPedroNolasco_AL0599-ARTELOPE,lope,20
432,lope_LaVillanaDeGetafe_AL0925-ARTELOPE,lope,20
433,lope_LaViudaValenciana_C6054_CANON,lope,20
434,lope_LoFingidoVerdadero_AL0634-ARTELOPE,lope,20
435,lope_LoQueEstaDeterminado_AL0713-ARTELOPE,lope,20
436,lope_LoQueHaDeSer_AL0714-ARTELOPE,lope,20
437,lope_LoQuePasaEnUnaTarde_AL0716-ARTELOPE,lope,20
438,lope_LosAmantesSinAmor_AL0483-ARTELOPE,lope,20
439,lope_LosAmoresDeAlbanioYIsmenia_AL0496-ARTELOPE,lope,20
440,lope_LosBandosDeSena_AL0515-ARTELOPE,lope,20
441,lope_LosBenavides_AL0524-ARTELOPE,lope,20
442,lope_LosCautivosDeArgel_AL0552-ARTELOPE,lope,20
443,lope_LosCelosDeRodamonte_AL0553-ARTELOPE,lope,20
444,lope_LosComendadoresDeCordoba_AL0559-ARTELOPE,lope,20
445,lope_LosDonairesDeMatico_AL0601-ARTELOPE,lope,20
446,lope_LosEmbustesDeCelauro_AL0612-ARTELOPE,lope,20
447,lope_LosEmbustesDeFabia_AL0613-ARTELOPE,lope,20
448,lope_LosEnemigosEnCasa_AL0616-ARTELOPE,lope,20
449,lope_LosEsclavosLibres_AL0622-ARTELOPE,lope,20
450,lope_LosEspanolesEnFlandes_AL0624-ARTELOPE,lope,20
451,lope_LosGuanchesDeTenerifeYConquistaDeCanaria_AL0654-ARTELOPE,lope,20
452,lope_LosGuzmanesDelToral_AL0658-ARTELOPE,lope,20
453,lope_LosHechosDeGarcilasoDeLaVegaYMoroTarfe_AL0663-ARTELOPE,lope,20
454,lope_LosHidalgosDelAldea_AL0669-ARTELOPE,lope,20
455,lope_LosLocosDeValencia_AL0946-ARTELOPE,lope,20
456,lope_LosMartiresDeJapon_AL2022-ARTELOPE,lope,20
457,lope_LosMartiresDeMadrid_AL0730-ARTELOPE,lope,20
458,lope_LosMelindresDeBelisa_AL0744-ARTELOPE,lope,20
459,lope_LosPleitosDeInglaterra_AL0803-ARTELOPE,lope,20
460,lope_LosPoncesDeBarcelona_AL0811-ARTELOPE,lope,20
461,lope_LosPorcelesDeMurcia_AL0813-ARTELOPE,lope,20
462,lope_LosPradosDeLeon_AL0819-ARTELOPE,lope,20
463,lope_LosTellosDeMeneses_AL0893-ARTELOPE,lope,20
464,lope_LosTercerosDeSanFrancisco_AL2006-ARTELOPE,lope,20
465,lope_LosTrabajosDeJacobSuenosHayQueVerdadSon_AL0901-ARTELOPE,lope,20
466,lope_LosTresDiamantes_AL0904-ARTELOPE,lope,20
467,lope_MasPuedenCelosQueAmor_AL0732-ARTELOPE,lope,20
468,lope_MujeresCriados_REIDY,lope,20
469,lope_NadieSeConoce_AL0762-ARTELOPE,lope,20
470,lope_NardoAntonioBandolero_AL0703-ARTELOPE,lope,20
471,lope_NoSonTodosRuisenores_AL0773-ARTELOPE,lope,20
472,lope_PedroCarbonero_AL0566-ARTELOPE,lope,20
473,lope_PeribanezYElComendadorDeOcana_C6048_CANON,lope,20
474,lope_PorfiarHastaMorir_AL0816-ARTELOPE,lope,20
475,lope_PorLaPuenteJuana_AL0812-ARTELOPE,lope,20
476,lope_QuienTodoLoQuiere_AL0843-ARTELOPE,lope,20
477,lope_RomaAbrasada_AL0853-ARTELOPE,lope,20
478,lope_SanIsidroLabradorDeMadrid_AL0860-ARTELOPE,lope,20
479,lope_SantaCasilda_AL2023-ARTELOPE,lope,20
480,lope_SantoAngelo_AL0865-ARTELOPE,lope,20
481,lope_UrsonYValentinHijosDelReyDeFrancia_AL0905-ARTELOPE,lope,20
482,lope_ValorFortunaYLealtadDeLosTellosDeMeneses_AL0908-ARTELOPE,lope,20
483,MatosFragoso_AmorHaceValientes_TESO_normalized,MatosFragoso,21
484,MatosFragoso_Atalanta_CRITICON,MatosFragoso,21
485,MatosFragoso_CallarSiempreMejor_TESO_normalized,MatosFragoso,21
486,MatosFragoso_ConAmorNoHayAmistad_TESO_normalized,MatosFragoso,21
487,MatosFragoso_DevocionAngelGuarda_TESO_normalized,MatosFragoso,21
488,MatosFragoso_GenizaroHungria_TESO_normalized,MatosFragoso,21
489,MatosFragoso_HijoPiedra_TESO_normalized,MatosFragoso,21
490,MatosFragoso_IndiciosSinCulpa_TESO_normalized,MatosFragoso,21
491,MatosFragoso_MaridoSuMadre_TESO_normalized,MatosFragoso,21
492,MatosFragoso_TiaMenor_TESO_normalized,MatosFragoso,21
493,MatosFragoso_TraidorContraSuSangre_TESO_normalized,MatosFragoso,21
494,MatosFragoso_YerroDelEntendido_TESO_normalized,MatosFragoso,21
495,meneses_Esforcias_CH,meneses,22
496,mira_adultera_virtuosa_COMED,mira,23
497,mira_adversa_alvaro_COMED,mira,23
498,mira_adversa_bernardo_COMED,mira,23
499,mira_amor_ingenio_COMED,mira,23
500,mira_amparo_hombres_COMED,mira,23
501,mira_animal_profeta_COMED,mira,23
502,mira_arpa_david_COMED,mira,23
503,mira_burlas_mujeres_COMED,mira,23
504,mira_caballero_sinombre_COMED,mira,23
505,mira_callar_buenaocasion_BVC,mira,23
506,mira_carboneros_francia_COMED,mira,23
507,mira_casa_tahur_COMED,mira,23
508,mira_cautela_cautela_COMED,mira,23
509,mira_clavo_jael_COMED,mira,23
510,mira_conde_alarcos_COMED,mira,23
511,mira_confusion_hungria_COMED,mira,23
512,mira_cuatro_milagros_COMED,mira,23
513,mira_desgracias_rey_COMED,mira,23
514,mira_dicha_desdicha_COMED,mira,23
515,mira_ejemplo_mayor_COMED,mira,23
516,mira_ElEsclavoDelDemonio_C6022_CANON,mira,23
517,mira_examinarse_rey_COMED,mira,23
518,mira_feliz_cautiverio_COMED,mira,23
519,mira_fenix_salamanca_BVC,mira,23
520,mira_galan_valiente_discreto_COMED,mira,23
521,mira_hero_leandro_COMED,mira,23
522,mira_hija_carlosV_COMED,mira,23
523,mira_judia_toledo_COMED,mira,23
524,mira_jura_principe_BVC,mira,23
525,mira_lises_francia_COMED,mira,23
526,mira_martir_madrid_COMED,mira,23
527,mira_mesonera_cielo_COMED,mira,23
528,mira_nardo_antonio_COMED,mira,23
529,mira_negro_amigo_COMED,mira,23
530,mira_nocasarse_agusto_COMED,mira,23
531,mira_obligar_sangre_COMED,mira,23
532,mira_oir_misa_COMED,mira,23
533,mira_palacio_confuso_COMED,mira,23
534,mira_prodigios_vara_COMED,mira,23
535,mira_prospera_alvaro_COMED,mira,23
536,mira_prospera_bernardo_COMED,mira,23
537,mira_puede_sospecha_COMED,mira,23
538,mira_reinar_vivir_COMED,mira,23
539,mira_rico_avariento_COMED,mira,23
540,mira_rueda_fortuna_COMED,mira,23
541,mira_tercera_misma_COMED,mira,23
542,mira_vida_muerte_monja_COMED,mira,23
543,montalban_hijo.serafin._COMED,montalban,24
544,montalban_monja.alferez_COMED,montalban,24
545,monteser_ElCaballeroDeOlmedo_C6023_CANON,monteser,25
546,moreto_amorObligacion_MORETIANOS,moreto,26
547,moreto_antesmorirCasimiro_JL,moreto,26
548,moreto_antioco_seleuco_BVC,moreto,26
549,moreto_baile_oficios_BVC,moreto,26
550,moreto_caballero_BVC,moreto,26
551,moreto_cenaReyBaltasar_MORETIANOS,moreto,26
552,moreto_COLA_Adultera_MORETIANOS,moreto,26
553,moreto_COLA_BrutoBabilonia_MORETIANOS,moreto,26
554,moreto_COLA_caer_levantar_BVC,moreto,26
555,moreto_COLA_confusion_jardin_BVC,moreto,26
556,moreto_COLA_EnriqueEnfermo_MORETIANOS,moreto,26
557,moreto_COLA_Estrellas_MORETIANOS,moreto,26
558,moreto_COLA_fingidaArcadia_MORETIANOS,moreto,26
559,moreto_COLA_fuerza_natural_BVC,moreto,26
560,moreto_COLA_HacerRemedio_MORETIANOS,moreto,26
561,moreto_COLA_HijoProdigo_MORETIANOS,moreto,26
562,moreto_COLA_MejorLunaAfricana_MORETIANOS,moreto,26
563,moreto_COLA_mejorParDoce_MORETIANOS,moreto,26
564,moreto_COLA_NoHayReino_MORETIANOS,moreto,26
565,moreto_COLA_NuestraAurora_MORETIANOS,moreto,26
566,moreto_COLA_NuestraSraPilar_MORETIANOS,moreto,26
567,moreto_COLA_OponerseALasEstrellas_MORETIANOS,moreto,26
568,moreto_COLA_PrincipePerseguido_MORETIANOS,moreto,26
569,moreto_COLA_PrincipeProdigioso_MORETIANOS,moreto,26
570,moreto_COLA_renegada_Valladolid_MORETIANOS,moreto,26
571,moreto_COLA_santa.rosa_COMED,moreto,26
572,moreto_COLA_VidaMuertaSanCayetano_MORETIANOS,moreto,26
573,moreto_como_vengan_nobles_BVC,moreto,26
574,moreto_defensor_agravio_BVC,moreto,26
575,moreto_ElDesdenConElDesden_C6024_CANON,moreto,26
576,moreto_ElLindoDonDiego_C6025_CANON,moreto,26
577,moreto_EneasDios_MORETIANOS,moreto,26
578,moreto_engano_enganos_BVC,moreto,26
579,moreto_FingirYAmar_MORETIANOS,moreto,26
580,moreto_franco_sena_BVC,moreto,26
581,moreto_fuera_vendra_BVC,moreto,26
582,moreto_fuerza_ley_BVC,moreto,26
583,moreto_galerasHonra_ENT_BVC,moreto,26
584,moreto_guardar_mujer_BVC,moreto,26
585,moreto_HastaFin_MORETIANOS,moreto,26
586,moreto_HijoObediente_MORETIANOS,moreto,26
587,moreto_IndustriasFinezas_BVC,moreto,26
588,moreto_jueces_castilla_BVC,moreto,26
589,moreto_licenciado_vidriera_BVC,moreto,26
590,moreto_loque_puede_aprehension_BVC,moreto,26
591,moreto_masIlustreFrances_SanBernardo_MORETIANOS,moreto,26
592,moreto_mayor_imposible_BVC,moreto,26
593,moreto_mejor_amigo_rey_BVC,moreto,26
594,moreto_MerecerParaAlcanzar_MORETIANOS,moreto,26
595,moreto_milagrosa_eleccion_BVC,moreto,26
596,moreto_MismaConciencia_MORETIANOS,moreto,26
597,moreto_MismaConcienciaAcusa_BVC,moreto,26
598,moreto_NoPuedeSerGuardarUnaMujer_C6026_CANON,moreto,26
599,moreto_ocasion_ladron_BVC,moreto,26
600,moreto_parecido_corte_BVC,moreto,26
601,moreto_Parecido_MORETIANOS,moreto,26
602,moreto_poder_amistad_BVC,moreto,26
603,moreto_primero_honra_BVC,moreto,26
604,moreto_secreto_amigos_BVC,moreto,26
605,moreto_TodoEnredosAmor_BVC,moreto,26
606,moreto_traicion_vengada_BVC,moreto,26
607,moreto_trampa_adelante_BVC,moreto,26
608,moreto_travesuras_pantoja_BVC,moreto,26
609,moreto_valiente_justiciero_BVC,moreto,26
610,moreto_yo_vos_otro_BVC,moreto,26
611,Quevedo_ComoHaDeSerUnPrivado_BIADIG,Quevedo,27
612,rey_LosAmantes_C6027_CANON,rey,28
613,rojas_AbrirElOjo_C6028_CANON,rojas,29
614,rojas_agravios_celos_BVC,rojas,29
615,rojas_amigo_amigo_BVC,rojas,29
616,rojas_aspides_cleopatra_BVC,rojas,29
617,rojas_bandos_verona_BVC,rojas,29
618,rojas_cain_cataluna_BVC,rojas,29
619,rojas_casarse_vengarse_BVC,rojas,29
620,rojas_COLAB_afrenta_veneno_BVC,rojas,29
621,rojas_COLAB_blasones_espana_BVC,rojas,29
622,rojas_COLAB_catalan_serranllonga_BVC,rojas,29
623,rojas_DelReyAbajoNinguno_C6029_CANON,rojas,29
624,rojas_desafio_carlos_BVC,rojas,29
625,rojas_diego_noche_BVC,rojas,29
626,rojas_EntreBobosAndaElJuego_C6030_CANON,rojas,29
627,rojas_esmeralda_amor_BVC,rojas,29
628,rojas_hermosura_desdicha_BVC,rojas,29
629,rojas_hidalga_hermosura_BVC,rojas,29
630,rojas_honra_amistad_BVC,rojas,29
631,rojas_impoprio_verdugo_BVC,rojas,29
632,rojas_isabel_portugal_BVC,rojas,29
633,rojas_LoQueSonLasMujeres_C6031_CANON,rojas,29
634,rojas_morir_matar_BVC,rojas,29
635,rojas_obligados_ofendidos_BVC,rojas,29
636,rojas_padre_rey_BVC,rojas,29
637,rojas_pedro_miago_BVC,rojas,29
638,rojas_peligrar_remedios_BVC,rojas,29
639,rojas_Persiles_JL,rojas,29
640,rojas_primero_honra_BVC,rojas,29
641,rojas_progne_filomena_BVC,rojas,29
642,rojas_queria_marques_BVC,rojas,29
643,rojas_senora_atocha_BVC,rojas,29
644,rojas_traicion_castigo_BVC,rojas,29
645,rojas_vida_ataud_BVC,rojas,29
646,romanceroViejo_BVC,romanceroViejo,30
647,solis_Amazonas_TESO_normalized,solis,31
648,solis_AmorAlUso_TESO_normalized,solis,31
649,solis_AmpararEnemigo_TESO_normalized,solis,31
650,solis_BoboHaceCiento_TESO_normalized,solis,31
651,solis_DoctorCarlino_TESO_normalized,solis,31
652,solis_ElAmorAlUso_C6034_CANON,solis,31
653,Solis_Euridice_CH,Solis,32
654,solis_EuridiceOrfeo_TESO_normalized,solis,31
655,solis_GitanillaMadrid_TESO_normalized,solis,31
656,solis_TriunfosAmorFortuna_TESO_normalized,solis,31
657,sorjuana_LosEmpenosDeUnaCasa_C6035_CANON,sorjuana,33
658,tarrega_ElPradoDeValencia_C6036_CANON,tarrega,34
659,tirso_amar_razonestado_COMED,tirso,35
660,tirso_amar_senas_COMED,tirso,35
661,tirso_amazonas_indias_COMED,tirso,35
662,tirso_amor_celos_COMED,tirso,35
663,tirso_amor_medico_COMED,tirso,35
664,tirso_amor_peligros_COMED,tirso,35
665,tirso_antona_garcia_COMED,tirso,35
666,tirso_aquiles_COMED,tirso,35
667,tirso_arbo_fruto_COMED,tirso,35
668,tirso_AUT_hermanos_parecidos_COMED,tirso,35
669,tirso_averiguelo_vargas_COMED,tirso,35
670,tirso_balcones__madrid_2_COMED,tirso,35
671,tirso_balcones_madrid_COMED,tirso,35
672,tirso_beatriz_silva_COMED,tirso,35
673,tirso_bellaco_sois_COMED,tirso,35
674,tirso_caballero_gracia_COMED,tirso,35
675,tirso_castigo_penseque_COMED,tirso,35
676,tirso_celos_celos_COMED,tirso,35
677,tirso_celosa_desimisma_COMED,tirso,35
678,tirso_celoso_prudente_COMED,tirso,35
679,tirso_cobarda_valiente_COMED,tirso,35
680,tirso_colmenero_divino_COMED,tirso,35
681,tirso_como_amigos_COMED,tirso,35
682,tirso_dama_olivar_COMED,tirso,35
683,tirso_DonGilDeLasCalzasVerdes_C6038_CANON,tirso,35
684,tirso_ElBurladorDeSevilla_C6039_CANON,tirso,35
685,tirso_ElCondenadoPorDesconfiado_C6037_CANON,tirso,35
686,tirso_eleccion_virtud_COMED,tirso,35
687,tirso_ElVergonzosoEnPalacio_C6041_CANON,tirso,35
688,tirso_enemigo_consejo_COMED,tirso,35
689,tirso_escarmientos_cuerdo_COMED,tirso,35
690,tirso_fingida_arcadia_COMED,tirso,35
691,tirso_gallera_marihernandez_COMED,tirso,35
692,tirso_habladme_entrando_COMED,tirso,35
693,tirso_honroso_atrevimiento_COMED,tirso,35
694,tirso_huerta_san_fernandez_COMED,tirso,35
695,tirso_joyas_montanas_COMED,tirso,35
696,tirso_laberinto_creta_COMED,tirso,35
697,tirso_lagos_vicente_COMED,tirso,35
698,tirso_lealtad_envidia_COMED,tirso,35
699,tirso_lodemas_lodemenos_COMED,tirso,35
700,tirso_madrina_cielo_COMED,tirso,35
701,tirso_MartaLaPiadosa_C6040_CANON,tirso,35
702,tirso_mayor_desengano_COMED,tirso,35
703,tirso_mejor_espigadera_COMED,tirso,35
704,tirso_melancolico_COMED,tirso,35
705,tirso_mujer_manda_COMED,tirso,35
706,tirso_ninfa_cielo_COMED,tirso,35
707,tirso_palabras_plumas_COMED,tirso,35
708,tirso_pretendiente_alreves_COMED,tirso,35
709,tirso_quiencalla_otorga_COMED,tirso,35
710,tirso_quiendaluego_dadosveces_COMED,tirso,35
711,tirso_quiennocae_nolevanta_COMED,tirso,35
712,tirso_quinas_portugal_COMED,tirso,35
713,tirso_republica_alreves_COMED,tirso,35
714,tirso_romera_santiago_COMED,tirso,35
715,tirso_santajuana_1parte_COMED,tirso,35
716,tirso_santajuana_2parte_COMED,tirso,35
717,tirso_santajuana_3parte_COMED,tirso,35
718,tirso_santo_sastre_COMED,tirso,35
719,tirso_todoesdar_enunacosa_COMED,tirso,35
720,tirso_toledo_madrid_COMED,tirso,35
721,tirso_venganza_tamar_COMED,tirso,35
722,tirso_ventura_dios_COMED,tirso,35
723,tirso_vida_herodes_COMED,tirso,35
724,tirso_villana_sagra_COMED,tirso,35
725,tirso_villana_vallecas_COMED,tirso,35
726,velez_LaSerranaDeLaVera_C6058_CANON,velez,36
727,velez_ReinarDespuesDeMorir_C6057_CANON,velez,36
728,virues_LaGranSemiramis_C6059_CANON,virues,37
729,virues_monserrate_BVC,virues,37
730,zamora_AmarSaberVencer_TESO_normalized,zamora,38
731,zamora_AspidesBasiliscos_TESO_normalized,zamora,38
732,zamora_CadaUnoLinajeAparte_TESO_normalized,zamora,38
733,zamora_CustodioHungria_TESO_normalized,zamora,38
734,zamora_DuendesSonAlcahuetes_TESO_normalized,zamora,38
735,zamora_DuendesSonAlcahuetesEspirituFoleto_TESO_normalized,zamora,38
736,zamora_HechizadoFuerza_TESO_normalized,zamora,38
737,zamora_JudasIscariote_TESO_normalized,zamora,38
738,zamora_LuceroDeMadrid_TESO_normalized,zamora,38
739,zamora_MazariegosMonsalves_TESO_normalized,zamora,38
740,zamora_NoHayDeudaQueNoSePague_TESO_normalized,zamora,38
741,zamora_OirMisaDarCebada_TESO_normalized,zamora,38
742,zamora_PoncellaOrleans_TESO_normalized,zamora,38
743,zamora_SerFinoNoParecerlo_TESO_normalized,zamora,38
744,zamora_SiempreHayQueEnvidiar_TESO_normalized,zamora,38
745,zamora_TodoVenceAmor_TESO_normalized,zamora,38
746,zamora_VientoDichaAmor_TESO_normalized,zamora,38
747,zayas_LaTraicionEnLaAmistad_C6060_CANON,zayas,39
